video_id,total_frames,mean_blood_area,max_blood_area,frames_with_blood,bleeding_events,grasper_frames,grasper_percentage,bipolar_frames,bipolar_percentage,hook_frames,hook_percentage,scissors_frames,scissors_percentage,clipper_frames,clipper_percentage,irrigator_frames,irrigator_percentage
video01,1734,7448.5553633218,39095.0,1330,38,1141,65.80161476355248,124,7.151095732410611,788,45.444059976931946,17,0.9803921568627451,102,5.882352941176471,133,7.6701268742791235
video02,2840,4633.056338028169,43302.0,2044,55,1638,57.67605633802817,148,5.211267605633803,1536,54.08450704225352,242,8.52112676056338,67,2.359154929577465,191,6.725352112676056
