video_id,total_frames,bleeding_events,mean_blood_area,max_blood_area,grasper_frames,grasper_pct,bipolar_frames,bipolar_pct,hook_frames,hook_pct,scissors_frames,scissors_pct,clipper_frames,clipper_pct,irrigator_frames,irrigator_pct
video01,1734,38,7448.5553633218,39095.0,1141,65.80161476355248,124,7.151095732410611,788,45.444059976931946,17,0.9803921568627451,102,5.882352941176471,133,7.6701268742791235
video02,2840,55,4633.056338028169,43302.0,1638,57.67605633802817,148,5.211267605633803,1536,54.08450704225352,242,8.52112676056338,67,2.359154929577465,191,6.725352112676056
